PRAGMA foreign_keys=OFF;
BEGIN TRANSACTION;
CREATE TABLE context (_id INTEGER PRIMARY KEY,name TEXT,colour INTEGER,iconName TEXT,tracks_id INTEGER,modified INTEGER);
INSERT INTO "context" VALUES(1,'Home',5,'go_home',NULL,0);
INSERT INTO "context" VALUES(2,'At work',19,'system_file_manager',NULL,0);
INSERT INTO "context" VALUES(3,'Online',1,'applications_internet',NULL,0);
INSERT INTO "context" VALUES(4,'Errands',14,'applications_development',NULL,0);
INSERT INTO "context" VALUES(5,'Contact',22,'system_users',NULL,0);
INSERT INTO "context" VALUES(6,'Read',16,'format_justify_fill',NULL,0);
CREATE TABLE project (_id INTEGER PRIMARY KEY,name TEXT,archived INTEGER,defaultContextId INTEGER,tracks_id INTEGER,modified INTEGER,parallel INTEGER NOT NULL DEFAULT 0);
INSERT INTO "project" VALUES(1,'Sell old Powerbook',0,NULL,NULL,0,0);
INSERT INTO "project" VALUES(2,'Clean out garage',0,NULL,NULL,0,0);
INSERT INTO "project" VALUES(3,'Organise ski trip',0,NULL,NULL,0,0);
INSERT INTO "project" VALUES(4,'Discuss internationalization',0,2,NULL,0,0);
CREATE TABLE task (_id INTEGER PRIMARY KEY,description TEXT,details TEXT,contextId INTEGER,projectId INTEGER,created INTEGER,modified INTEGER,due INTEGER,start INTEGER,timezone TEXT,allDay INTEGER NOT NULL DEFAULT 0,hasAlarm INTEGER NOT NULL DEFAULT 0,calEventId INTEGER,displayOrder INTEGER,complete INTEGER,tracks_id INTEGER);
INSERT INTO "task" VALUES(1,'Backup data',NULL,3,1,strftime('%s', 'now'),0,strftime('%s', 'now', '+1 day'),strftime('%s', 'now', '+1 day'),'Europe/Bratislava',0,0,NULL,1,0,NULL);
INSERT INTO "task" VALUES(2,'Reformat HD','Install Leopard and updates',3,1,strftime('%s', 'now'),0,strftime('%s', 'now', '+3 day'),strftime('%s', 'now', '+3 day'),'Europe/Bratislava',0,0,NULL,2,0,NULL);
INSERT INTO "task" VALUES(3,'Determine good price','Take a look on ebay for similar systems',3,1,strftime('%s', 'now'),0,strftime('%s', 'now', '+8 day'),strftime('%s', 'now', '+8 day'),'Europe/Bratislava',0,0,NULL,3,0,NULL);
INSERT INTO "task" VALUES(4,'Put up ad',NULL,3,1,strftime('%s', 'now'),0,strftime('%s', 'now', '+15 day'),strftime('%s', 'now', '+15 day'),'Europe/Bratislava',0,0,NULL,4,0,NULL);
INSERT INTO "task" VALUES(5,'Sort out contents','Split into keepers and junk',1,2,strftime('%s', 'now'),0,strftime('%s', 'now'),strftime('%s', 'now'),'Europe/Bratislava',0,0,NULL,5,0,NULL);
INSERT INTO "task" VALUES(6,'Advertise garage sale','Local paper(s) and on craigslist',3,2,strftime('%s', 'now'),0,strftime('%s', 'now', '+8 day'),strftime('%s', 'now', '+8 day'),'Europe/Bratislava',0,0,NULL,6,0,NULL);
INSERT INTO "task" VALUES(7,'Contact local charities','See what they want or maybe just put in charity bins',5,2,strftime('%s', 'now'),0,strftime('%s', 'now', '+1 day'),strftime('%s', 'now', '+1 day'),'Europe/Bratislava',0,0,NULL,7,0,NULL);
INSERT INTO "task" VALUES(8,'Take rest to tip','Hire trailer?',4,2,strftime('%s', 'now'),0,strftime('%s', 'now', '+1 day'),strftime('%s', 'now', '+1 day'),'Europe/Bratislava',0,0,NULL,8,0,NULL);
INSERT INTO "task" VALUES(9,'Send email to determine best week',NULL,5,3,strftime('%s', 'now'),0,strftime('%s', 'now', '+1 day'),strftime('%s', 'now', '+1 day'),'Europe/Bratislava',0,0,NULL,9,0,NULL);
INSERT INTO "task" VALUES(10,'Look up package deals',NULL,3,3,1272614946797,1272614946797,0,0,'Europe/Bratislava',0,0,NULL,10,0,NULL);
INSERT INTO "task" VALUES(11,'Book chalet',NULL,3,3,1272614946846,1272614946846,0,0,'Europe/Bratislava',0,0,NULL,11,0,NULL);
INSERT INTO "task" VALUES(12,'Book flights',NULL,3,3,1272614946907,1272614946907,0,0,'Europe/Bratislava',0,0,NULL,12,0,NULL);
INSERT INTO "task" VALUES(13,'Book hire car',NULL,3,3,1272614946956,1272614946956,0,0,'Europe/Bratislava',0,0,NULL,13,0,NULL);
INSERT INTO "task" VALUES(14,'Get board waxed',NULL,4,3,1272614947026,1272614947026,0,0,'Europe/Bratislava',0,0,NULL,14,0,NULL);
INSERT INTO "task" VALUES(15,'Read up on options','Conflict',3,4,strftime('%s', 'now'),0,strftime('%s', 'now', '+3 day'),strftime('%s', 'now', '+3 day'),'Europe/Bratislava',0,0,NULL,15,0,NULL);
INSERT INTO "task" VALUES(16,'Kickoff meeting',NULL,5,4,strftime('%s', 'now'),0,strftime('%s', 'now', '+8 day'),strftime('%s', 'now', '+8 day'),'Europe/Bratislava',0,0,NULL,16,0,NULL);
INSERT INTO "task" VALUES(17,'Produce report',NULL,2,4,strftime('%s', 'now'),0,strftime('%s', 'now', '+15 day'),strftime('%s', 'now', '+15 day'),'Europe/Bratislava',0,0,NULL,17,0,NULL);
INSERT INTO "task" VALUES(18,'Organise music collection',NULL,3,NULL,1272614947308,1272614947308,0,0,'Europe/Bratislava',0,0,NULL,18,0,NULL);
INSERT INTO "task" VALUES(19,'Make copy of door keys',NULL,4,NULL,strftime('%s', 'now'),0,strftime('%s', 'now'),strftime('%s', 'now'),'Europe/Bratislava',0,0,NULL,19,0,NULL);
INSERT INTO "task" VALUES(20,'Read Falling Man',NULL,6,NULL,1272614947421,1272614947421,0,0,'Europe/Bratislava',0,0,NULL,20,0,NULL);
INSERT INTO "task" VALUES(21,'Buy Tufte books',NULL,4,NULL,strftime('%s', 'now'),0,strftime('%s', 'now', '+8 day'),strftime('%s', 'now', '+8 day'),'Europe/Bratislava',0,0,NULL,21,0,NULL);
CREATE TABLE Reminder (_id INTEGER PRIMARY KEY,taskId INTEGER,minutes INTEGER,method INTEGER NOT NULL DEFAULT 0);
CREATE INDEX taskProjectIdIndex ON task (projectId);
CREATE INDEX taskContextIdIndex ON task (contextId);
CREATE INDEX remindersEventIdIndex ON Reminder (taskId);
CREATE TRIGGER tasks_cleanup_delete DELETE ON task BEGIN DELETE FROM Reminder WHERE taskId = old._id;END;
COMMIT;
